runs,avg_total_lead_time,std_total_lead_time,avg_delivery_time,avg_rejection_delay,avg_prep_time
200,51.687782446763514,8.964279144275723,20.147302349696133,1.406822676506845,30.13365742056054
